{"credit": "Made with Brickbench", "parent": "item/cards/gui_template", "textures": {"background": "item/card/camel_husk/background", "foreground": "item/card/camel_husk/foreground", "description": "item/card/camel_husk/description", "cost": "item/card/number/left/18", "health": "item/card/number/right/6", "attack": "item/card/number/left/6", "armor": "item/card/number/right/3", "speed": "item/card/number/left/3", "range": "item/card/number/right/1", "rarity": "item/card/front_rare", "trait_1": "item/card/trait/lunging", "trait_2": "item/card/trait/empty", "trait_3": "item/card/trait/empty", "trait_4": "item/card/trait/empty", "trait_5": "item/card/trait/empty", "trait_6": "item/card/trait/empty", "type": "item/card/trait/entity"}}