{"credit": "Made with Brickbench", "parent": "item/cards/gui_template", "textures": {"background": "item/card/camel/background", "foreground": "item/card/camel/foreground", "description": "item/card/camel/description", "cost": "item/card/number/left/12", "health": "item/card/number/right/6", "attack": "item/card/number/left/3", "armor": "item/card/number/right/2", "speed": "item/card/number/left/2", "range": "item/card/number/right/1", "rarity": "item/card/front_common", "trait_1": "item/card/trait/lunging", "trait_2": "item/card/trait/empty", "trait_3": "item/card/trait/empty", "trait_4": "item/card/trait/empty", "trait_5": "item/card/trait/empty", "trait_6": "item/card/trait/empty", "type": "item/card/trait/entity"}}