{"credit": "Made with Brickbench", "parent": "item/cards/gui_template", "textures": {"background": "item/card/creeper/background", "foreground": "item/card/creeper/foreground", "description": "item/card/creeper/description", "cost": "item/card/number/left/5", "health": "item/card/number/right/3", "attack": "item/card/number/left/5", "armor": "item/card/number/right/0", "speed": "item/card/number/left/2", "range": "item/card/number/right/1", "rarity": "item/card/front_common", "trait_1": "item/card/trait/ambush", "trait_2": "item/card/trait/empty", "trait_3": "item/card/trait/empty", "trait_4": "item/card/trait/empty", "trait_5": "item/card/trait/empty", "trait_6": "item/card/trait/empty", "type": "item/card/trait/entity"}}