{"credit": "Made with Brickbench", "parent": "item/cards/gui_template", "textures": {"background": "item/card/cub/background", "foreground": "item/card/cub/foreground", "description": "item/card/cub/description", "cost": "item/card/number/left/2", "health": "item/card/number/right/2", "attack": "item/card/number/left/1", "armor": "item/card/number/right/0", "speed": "item/card/number/left/2", "range": "item/card/number/right/1", "rarity": "item/card/front_uncommon", "trait_1": "item/card/trait/frozen", "trait_2": "item/card/trait/empty", "trait_3": "item/card/trait/empty", "trait_4": "item/card/trait/empty", "trait_5": "item/card/trait/empty", "trait_6": "item/card/trait/empty", "type": "item/card/trait/entity"}}