{"credit": "Made with Brickbench", "parent": "item/cards/gui_template", "textures": {"background": "item/card/ender_dragon/background", "foreground": "item/card/ender_dragon/foreground", "description": "item/card/ender_dragon/description", "cost": "item/card/number/left/20", "health": "item/card/number/right/15", "attack": "item/card/number/left/3", "armor": "item/card/number/right/0", "speed": "item/card/number/left/2", "range": "item/card/number/right/1", "rarity": "item/card/front_legendary", "trait_1": "item/card/trait/flying", "trait_2": "item/card/trait/empty", "trait_3": "item/card/trait/empty", "trait_4": "item/card/trait/empty", "trait_5": "item/card/trait/empty", "trait_6": "item/card/trait/empty", "type": "item/card/trait/entity"}}