{"credit": "Made with Brickbench", "parent": "item/cards/gui_template", "textures": {"background": "item/card/endermite/background", "foreground": "item/card/endermite/foreground", "description": "item/card/endermite/description", "cost": "item/card/number/left/1", "health": "item/card/number/right/1", "attack": "item/card/number/left/1", "armor": "item/card/number/right/0", "speed": "item/card/number/left/1", "range": "item/card/number/right/1", "rarity": "item/card/front_common", "trait_1": "item/card/trait/ambush", "trait_2": "item/card/trait/empty", "trait_3": "item/card/trait/empty", "trait_4": "item/card/trait/empty", "trait_5": "item/card/trait/empty", "trait_6": "item/card/trait/empty", "type": "item/card/trait/entity"}}