{"credit": "Made with Brickbench", "parent": "item/cards/gui_template", "textures": {"background": "item/card/evoker/background", "foreground": "item/card/evoker/foreground", "description": "item/card/evoker/description", "cost": "item/card/number/left/20", "health": "item/card/number/right/7", "attack": "item/card/number/left/2", "armor": "item/card/number/right/0", "speed": "item/card/number/left/2", "range": "item/card/number/right/1", "rarity": "item/card/front_epic", "trait_1": "item/card/trait/illager", "trait_2": "item/card/trait/empty", "trait_3": "item/card/trait/empty", "trait_4": "item/card/trait/empty", "trait_5": "item/card/trait/empty", "trait_6": "item/card/trait/empty", "type": "item/card/trait/entity"}}