{"credit": "Made with Brickbench", "parent": "item/cards/gui_template", "textures": {"background": "item/card/parched/background", "foreground": "item/card/parched/foreground", "description": "item/card/parched/description", "cost": "item/card/number/left/15", "health": "item/card/number/right/2", "attack": "item/card/number/left/3", "armor": "item/card/number/right/1", "speed": "item/card/number/left/1", "range": "item/card/number/right/4", "rarity": "item/card/front_epic", "trait_1": "item/card/trait/empty", "trait_2": "item/card/trait/empty", "trait_3": "item/card/trait/empty", "trait_4": "item/card/trait/empty", "trait_5": "item/card/trait/empty", "trait_6": "item/card/trait/empty", "type": "item/card/trait/entity"}}