{"credit": "Made with Brickbench", "parent": "item/cards/template", "textures": {"background": "item/card/axolotl/background", "foreground": "item/card/axolotl/foreground", "description": "item/card/axolotl/description", "cost": "item/card/number/left/7", "health": "item/card/number/right/3", "attack": "item/card/number/left/2", "armor": "item/card/number/right/0", "speed": "item/card/number/left/1", "range": "item/card/number/right/1", "rarity": "item/card/front_rare", "trait_1": "item/card/trait/water", "trait_2": "item/card/trait/empty", "trait_3": "item/card/trait/empty", "trait_4": "item/card/trait/empty", "trait_5": "item/card/trait/empty", "trait_6": "item/card/trait/empty", "type": "item/card/trait/entity"}}