{"credit": "Made with Brickbench", "parent": "item/cards/template", "textures": {"background": "item/card/elder_guardian/background", "foreground": "item/card/elder_guardian/foreground", "description": "item/card/elder_guardian/description", "cost": "item/card/number/left/20", "health": "item/card/number/right/7", "attack": "item/card/number/left/5", "armor": "item/card/number/right/0", "speed": "item/card/number/left/1", "range": "item/card/number/right/4", "rarity": "item/card/front_legendary", "trait_1": "item/card/trait/water", "trait_2": "item/card/trait/empty", "trait_3": "item/card/trait/empty", "trait_4": "item/card/trait/empty", "trait_5": "item/card/trait/empty", "trait_6": "item/card/trait/empty", "type": "item/card/trait/entity"}}