{"credit": "Made with Brickbench", "parent": "item/cards/template", "textures": {"background": "item/card/enderman/background", "foreground": "item/card/enderman/foreground", "description": "item/card/enderman/description", "cost": "item/card/number/left/8", "health": "item/card/number/right/4", "attack": "item/card/number/left/4", "armor": "item/card/number/right/0", "speed": "item/card/number/left/4", "range": "item/card/number/right/1", "rarity": "item/card/front_common", "trait_1": "item/card/trait/teleport", "trait_2": "item/card/trait/empty", "trait_3": "item/card/trait/empty", "trait_4": "item/card/trait/empty", "trait_5": "item/card/trait/empty", "trait_6": "item/card/trait/empty", "type": "item/card/trait/entity"}}