{"credit": "Made with Brickbench", "parent": "item/cards/template", "textures": {"background": "item/card/guardian/background", "foreground": "item/card/guardian/foreground", "description": "item/card/guardian/description", "cost": "item/card/number/left/11", "health": "item/card/number/right/3", "attack": "item/card/number/left/3", "armor": "item/card/number/right/0", "speed": "item/card/number/left/1", "range": "item/card/number/right/3", "rarity": "item/card/front_uncommon", "trait_1": "item/card/trait/water", "trait_2": "item/card/trait/empty", "trait_3": "item/card/trait/empty", "trait_4": "item/card/trait/empty", "trait_5": "item/card/trait/empty", "trait_6": "item/card/trait/empty", "type": "item/card/trait/entity"}}