{
	"format_version": "1.21.11",
	"credit": "Made with Blockbench",
	"textures": {
		"0": "item/card/back",
		"5": "item/card/armor/0",
		"9": "item/card/cost",
		"11": "item/card/empty",
		"particle": "item/card/back"
	},
	"elements": [
		{
			"name": "base",
			"from": [4, 0, 9],
			"to": [12, 12, 9.1],
			"rotation": {"x": 0, "y": 0, "z": 0, "origin": [10, 8, 17]},
			"faces": {
				"north": {"uv": [0, 0, 8, 12], "texture": "#rarity"},
				"east": {"uv": [0, 0, 0.25, 12], "texture": "#0"},
				"south": {"uv": [0, 0, 8, 12], "texture": "#0"},
				"west": {"uv": [0, 0, 0.25, 12], "texture": "#0"},
				"up": {"uv": [0, 0, 8, 0.25], "rotation": 180, "texture": "#0"},
				"down": {"uv": [0, 11.75, 8, 12], "rotation": 180, "texture": "#0"}
			}
		},
		{
			"name": "cost",
			"from": [9.65, 6.1875, 8.95],
			"to": [11.2125, 8.0625, 8.95],
			"rotation": {"x": 0, "y": 0, "z": 0, "origin": [5.9, 13.25, 18.25]},
			"faces": {
				"north": {"uv": [0, 0, 10, 12], "texture": "#9"},
				"east": {"uv": [0, 0, 16, 16], "texture": "#11"},
				"south": {"uv": [0, 0, 16, 16], "texture": "#11"},
				"west": {"uv": [0, 0, 16, 16], "texture": "#11"},
				"up": {"uv": [0, 0, 16, 16], "texture": "#11"},
				"down": {"uv": [0, 0, 16, 16], "texture": "#11"}
			}
		},
		{
			"name": "cost_number",
			"from": [7.4625, 6.1875, 8.95],
			"to": [9.65, 8.0625, 8.95],
			"rotation": {"x": 0, "y": 0, "z": 0, "origin": [5.9, 13.25, 18.25]},
			"faces": {
				"north": {"uv": [0, 0, 14, 12], "texture": "#cost"},
				"east": {"uv": [0, 0, 16, 16], "texture": "#11"},
				"south": {"uv": [0, 0, 16, 16], "texture": "#11"},
				"west": {"uv": [0, 0, 16, 16], "texture": "#11"},
				"up": {"uv": [0, 0, 16, 16], "texture": "#11"},
				"down": {"uv": [0, 0, 16, 16], "texture": "#11"}
			}
		},
		{
			"name": "image",
			"from": [4.75, 8.25, 8.95],
			"to": [11.25, 11.25, 8.95],
			"rotation": {"x": 0, "y": 0, "z": 0, "origin": [7, 14.4, 17]},
			"faces": {
				"north": {"uv": [0, 0, 9.75, 4.5], "texture": "#foreground"},
				"east": {"uv": [0, 0, 16, 16], "texture": "#5"},
				"south": {"uv": [0, 0, 16, 16], "texture": "#5"},
				"west": {"uv": [0, 0, 16, 16], "texture": "#5"},
				"up": {"uv": [0, 0, 16, 16], "texture": "#5"},
				"down": {"uv": [0, 0, 16, 16], "texture": "#5"}
			}
		},
		{
			"name": "type",
			"from": [4.75, 5.75, 8.95],
			"to": [7.25, 8.25, 8.95],
			"rotation": {"x": 0, "y": 0, "z": 0, "origin": [3.75, 11.9, 17]},
			"faces": {
				"north": {"uv": [0, 0, 16, 16], "texture": "#type"},
				"east": {"uv": [0, 0, 16, 16], "texture": "#11"},
				"south": {"uv": [0, 0, 16, 16], "texture": "#11"},
				"west": {"uv": [0, 0, 16, 16], "texture": "#11"},
				"up": {"uv": [0, 0, 16, 16], "texture": "#11"},
				"down": {"uv": [0, 0, 16, 16], "texture": "#11"}
			}
		}
	],
	"gui_light": "front",
	"display": {
		"thirdperson_righthand": {
			"rotation": [0, -180, 0],
			"translation": [0, 3.75, 1],
			"scale": [0.51, 0.51, 0.51]
		},
		"thirdperson_lefthand": {
			"rotation": [0, -180, 0],
			"translation": [0, 3.75, 1],
			"scale": [0.51, 0.51, 0.51]
		},
		"firstperson_righthand": {
			"rotation": [0, -180, 0],
			"translation": [-1.5, 10, 0]
		},
		"firstperson_lefthand": {
			"rotation": [0, -180, 0],
			"translation": [-1.5, 10, 0]
		},
		"gui": {
			"rotation": [0, -180, 0],
			"translation": [0, -0.25, 0],
			"scale": [2.25, 2.25, 2.25]
		},
		"fixed": {
			"translation": [0, 0, -1.5]
		},
		"on_shelf": {
			"rotation": [0, -180, 0],
			"translation": [0, 12, 0],
			"scale": [2, 2, 2]
		}
	},
	"groups": [
		{
			"name": "card",
			"origin": [3.5, 12.4, 9],
			"color": 0,
			"children": [
				0,
				{
					"name": "cost",
					"origin": [7, 12.4, 17],
					"color": 0,
					"children": [1, 2]
				},
				3,
				{
					"name": "traits",
					"origin": [8, 8, 8],
					"color": 0,
					"children": []
				}
			]
		},
		4
	]
}