{"credit": "Made with Brickbench", "parent": "item/cards/template", "textures": {"background": "item/card/iron_golem/background", "foreground": "item/card/iron_golem/foreground", "description": "item/card/iron_golem/description", "cost": "item/card/number/left/11", "health": "item/card/number/right/8", "attack": "item/card/number/left/5", "armor": "item/card/number/right/0", "speed": "item/card/number/left/1", "range": "item/card/number/right/1", "rarity": "item/card/front_uncommon", "trait_1": "item/card/trait/empty", "trait_2": "item/card/trait/empty", "trait_3": "item/card/trait/empty", "trait_4": "item/card/trait/empty", "trait_5": "item/card/trait/empty", "trait_6": "item/card/trait/empty", "type": "item/card/trait/entity"}}