{"credit": "Made with Brickbench", "parent": "item/cards/template", "textures": {"background": "item/card/shulker/background", "foreground": "item/card/shulker/foreground", "description": "item/card/shulker/description", "cost": "item/card/number/left/13", "health": "item/card/number/right/3", "attack": "item/card/number/left/1", "armor": "item/card/number/right/1", "speed": "item/card/number/left/0", "range": "item/card/number/right/5", "rarity": "item/card/front_rare", "trait_1": "item/card/trait/teleport", "trait_2": "item/card/trait/empty", "trait_3": "item/card/trait/empty", "trait_4": "item/card/trait/empty", "trait_5": "item/card/trait/empty", "trait_6": "item/card/trait/empty", "type": "item/card/trait/entity"}}