{"credit": "Made with Brickbench", "parent": "item/cards/template", "textures": {"background": "item/card/skeleton_horse/background", "foreground": "item/card/skeleton_horse/foreground", "description": "item/card/skeleton_horse/description", "cost": "item/card/number/left/8", "health": "item/card/number/right/3", "attack": "item/card/number/left/2", "armor": "item/card/number/right/0", "speed": "item/card/number/left/3", "range": "item/card/number/right/2", "rarity": "item/card/front_uncommon", "trait_1": "item/card/trait/flying", "trait_2": "item/card/trait/undead", "trait_3": "item/card/trait/empty", "trait_4": "item/card/trait/empty", "trait_5": "item/card/trait/empty", "trait_6": "item/card/trait/empty", "type": "item/card/trait/entity"}}