{"credit": "Made with Brickbench", "parent": "item/cards/template", "textures": {"background": "item/card/sniffer/background", "foreground": "item/card/sniffer/foreground", "description": "item/card/sniffer/description", "cost": "item/card/number/left/15", "health": "item/card/number/right/6", "attack": "item/card/number/left/0", "armor": "item/card/number/right/0", "speed": "item/card/number/left/1", "range": "item/card/number/right/1", "rarity": "item/card/front_legendary", "trait_1": "item/card/trait/passive", "trait_2": "item/card/trait/empty", "trait_3": "item/card/trait/empty", "trait_4": "item/card/trait/empty", "trait_5": "item/card/trait/empty", "trait_6": "item/card/trait/empty", "type": "item/card/trait/entity"}}