{"credit": "Made with Brickbench", "parent": "item/cards/template", "textures": {"background": "item/card/snow_golem/background", "foreground": "item/card/snow_golem/foreground", "description": "item/card/snow_golem/description", "cost": "item/card/number/left/9", "health": "item/card/number/right/3", "attack": "item/card/number/left/0", "armor": "item/card/number/right/0", "speed": "item/card/number/left/1", "range": "item/card/number/right/2", "rarity": "item/card/front_uncommon", "trait_1": "item/card/trait/frozen", "trait_2": "item/card/trait/ambush", "trait_3": "item/card/trait/empty", "trait_4": "item/card/trait/empty", "trait_5": "item/card/trait/empty", "trait_6": "item/card/trait/empty", "type": "item/card/trait/entity"}}