{"credit": "Made with Brickbench", "parent": "item/cards/template", "textures": {"background": "item/card/tnt/background", "foreground": "item/card/tnt/foreground", "description": "item/card/tnt/description", "cost": "item/card/number/left/6", "health": "item/card/number/right/3", "attack": "item/card/number/left/5", "armor": "item/card/number/right/0", "speed": "item/card/number/left/0", "range": "item/card/number/right/0", "rarity": "item/card/front_uncommon", "trait_1": "item/card/trait/empty", "trait_2": "item/card/trait/empty", "trait_3": "item/card/trait/empty", "trait_4": "item/card/trait/empty", "trait_5": "item/card/trait/empty", "trait_6": "item/card/trait/empty", "type": "item/card/trait/entity"}}