{"credit": "Made with Brickbench", "parent": "item/cards/template", "textures": {"background": "item/card/vindicator/background", "foreground": "item/card/vindicator/foreground", "description": "item/card/vindicator/description", "cost": "item/card/number/left/13", "health": "item/card/number/right/5", "attack": "item/card/number/left/7", "armor": "item/card/number/right/0", "speed": "item/card/number/left/3", "range": "item/card/number/right/1", "rarity": "item/card/front_rare", "trait_1": "item/card/trait/emerald", "trait_2": "item/card/trait/illager", "trait_3": "item/card/trait/empty", "trait_4": "item/card/trait/empty", "trait_5": "item/card/trait/empty", "trait_6": "item/card/trait/empty", "type": "item/card/trait/entity"}}