{"credit": "Made with Brickbench", "parent": "item/cards/template", "textures": {"background": "item/card/wither_skeleton/background", "foreground": "item/card/wither_skeleton/foreground", "description": "item/card/wither_skeleton/description", "cost": "item/card/number/left/11", "health": "item/card/number/right/7", "attack": "item/card/number/left/3", "armor": "item/card/number/right/0", "speed": "item/card/number/left/2", "range": "item/card/number/right/1", "rarity": "item/card/front_rare", "trait_1": "item/card/trait/fire", "trait_2": "item/card/trait/wither", "trait_3": "item/card/trait/undead", "trait_4": "item/card/trait/empty", "trait_5": "item/card/trait/empty", "trait_6": "item/card/trait/empty", "type": "item/card/trait/entity"}}